<?xml version="1.0"?>
<doc>
  <assembly>
    <name>ChartFX.WinForms.Gauge</name>
  </assembly>
  <members>
    <member name="P:ChartFX.WinForms.Gauge.Annotation.Angle">
      <summary>Gets or sets the rotation angle in degrees for an annotation.</summary>
    </member>
    <member name="P:ChartFX.WinForms.Gauge.Annotation.Layout">
      <summary>Gets the layout object for an Annotation.</summary>
    </member>
    <member name="P:ChartFX.WinForms.Gauge.BarBorder.Thickness">
      <summary>Gets or sets the width for the BarBorder object.</summary>
    </member>
    <member name="P:ChartFX.WinForms.Gauge.BaseColorable.Color">
      <summary>Gets or sets the color for a gauge element.</summary>
    </member>
    <member name="P:ChartFX.WinForms.Gauge.BaseGauge.Antialiasing">
      <summary>Gets or sets the smooth visual effect for a gauge.</summary>
    </member>
    <member name="P:ChartFX.WinForms.Gauge.BaseGauge.ContentUrl">
      <summary>Gets or Sets string which contains the URL for the content page when the user wants the chart data rendered to stream.</summary>
    </member>
    <member name="P:ChartFX.WinForms.Gauge.BaseGauge.Culture">
      <summary>Allows you to localize gauges for a specific language and region.</summary>
    </member>
    <member name="P:ChartFX.WinForms.Gauge.BaseGauge.Customization">
      <summary>Exposes the Resolve events for enhanced customization.</summary>
    </member>
    <member name="P:ChartFX.WinForms.Gauge.BaseGauge.Font">
      <summary>Gets or sets the font type which will be used by default in the gauge.</summary>
    </member>
    <member name="P:ChartFX.WinForms.Gauge.BaseGauge.Height">
      <summary>Gets or Sets the height of the control.</summary>
    </member>
    <member name="P:ChartFX.WinForms.Gauge.BaseGauge.Images">
      <summary>Returns the ImageAnnotationCollection for a gauge.</summary>
    </member>
    <member name="P:ChartFX.WinForms.Gauge.BaseGauge.InnerGauges">
      <summary>The collection of InnerGauges currently associated with the gauge.</summary>
    </member>
    <member name="P:ChartFX.WinForms.Gauge.BaseGauge.Palette">
      <summary>Allows you to set a Chart FX pre-defined palette. </summary>
    </member>
    <member name="P:ChartFX.WinForms.Gauge.BaseGauge.Titles">
      <summary>Returns the collection of titles defined in the gauge.</summary>
    </member>
    <member name="P:ChartFX.WinForms.Gauge.BaseGauge.ToolTip">
      <summary>Gets or sets the tool tip text.</summary>
    </member>
    <member name="P:ChartFX.WinForms.Gauge.BaseGauge.ToolTipEnabled">
      <summary>Allows you to enable or disable tooltips when the user positions the mouse over a particular element in the gauge area. </summary>
    </member>
    <member name="P:ChartFX.WinForms.Gauge.BaseGauge.Width">
      <summary>Gets or Sets the width of the control.</summary>
    </member>
    <member name="M:ChartFX.WinForms.Gauge.BaseGauge.Export(ChartFX.WinForms.Gauge.FileFormat,System.String)">
      <summary>Allows you to export the gauge to a data file or stream.</summary>
      <param name="format">The Chart FX format to export.</param>
      <param name="fileName">The location of the file to export the chart.</param>
    </member>
    <member name="M:ChartFX.WinForms.Gauge.BaseGauge.Export(System.Drawing.Imaging.ImageFormat,System.IO.Stream)">
      <summary>Allows you to export the gauge to a data file or stream.</summary>
      <param name="format">The image format to export.</param>
      <param name="stream">A stream where to store the exported gauge.</param>
    </member>
    <member name="M:ChartFX.WinForms.Gauge.BaseGauge.Export(ChartFX.WinForms.Gauge.FileFormat,System.IO.Stream)">
      <summary>Allows you to export the gauge to a data file or stream.</summary>
      <param name="format">The Chart FX format to export.</param>
      <param name="stream">A stream where to store the exported gauge.</param>
    </member>
    <member name="M:ChartFX.WinForms.Gauge.BaseGauge.HitTest(System.Drawing.Point)">
      <summary>Returns a HitZoneTargetStack indicating the gauge element located at a specific point (coordinate).</summary>
      <param name="pt">Point location to use when preforming the HitZone action.</param>
    </member>
    <member name="M:ChartFX.WinForms.Gauge.BaseGauge.Import(ChartFX.WinForms.Gauge.FileFormat,System.IO.Stream)">
      <summary>Allows you to import the gauge from a data file or stream.</summary>
      <param name="format">The Chart FX format to import.</param>
      <param name="stream">A stream where to import a saved gauge.</param>
    </member>
    <member name="M:ChartFX.WinForms.Gauge.BaseGauge.Import(ChartFX.WinForms.Gauge.FileFormat,System.String)">
      <summary>Allows you to import the gauge from a data file or stream.</summary>
      <param name="format">The Chart FX format to import.</param>
      <param name="fileName">The location of the file to import the chart.</param>
    </member>
    <member name="M:ChartFX.WinForms.Gauge.BaseGauge.RenderControl">
      <summary>Renders the gauge directly to the browser response context.</summary>
    </member>
    <member name="M:ChartFX.WinForms.Gauge.BaseGauge.RenderToStream(System.IO.Stream,System.IO.TextWriter,System.IO.TextWriter)">
      <summary>Used to bit-stream a gauge directly to the browser or retrieve the gauge image, image map, and html tag in one call.</summary>
      <param name="content">Stream that contains the image data.</param>
      <param name="imgMap">TextWriter that contains the image map information.</param>
      <param name="htmlTag">TextWriter that contains the Html tag information.</param>
    </member>
    <member name="E:ChartFX.WinForms.Gauge.BaseGauge.PostPaint">
      <summary>The source of the event.</summary>
    </member>
    <member name="E:ChartFX.WinForms.Gauge.BaseGauge.PrePaint">
      <summary>The source of the event.</summary>
    </member>
    <member name="P:ChartFX.WinForms.Gauge.BaseHitTestTarget.ToolTip">
      <summary>Gets or sets the tool tip displayed by the target.</summary>
    </member>
    <member name="P:ChartFX.WinForms.Gauge.BaseSection.Max">
      <summary>Gets or sets the ending value for a gauge section.</summary>
    </member>
    <member name="P:ChartFX.WinForms.Gauge.BaseSection.MaxAlwaysDisplayed">
      <summary>Gets or sets a value indicating whether to display the ending value of a section.</summary>
    </member>
    <member name="P:ChartFX.WinForms.Gauge.BaseSection.Min">
      <summary>Gets or sets the starting value for a gauge section.</summary>
    </member>
    <member name="P:ChartFX.WinForms.Gauge.BaseSection.MinAlwaysDisplayed">
      <summary>Gets or sets a value indicating whether to display the starting value of a section.</summary>
    </member>
    <member name="P:ChartFX.WinForms.Gauge.BaseSection.Tickmarks">
      <summary>Returns the TickmarkSet object for a section.</summary>
    </member>
    <member name="P:ChartFX.WinForms.Gauge.BaseValueHitZoneTarget.Value">
      <summary>Gets the value of the HitZoneTarget.</summary>
    </member>
    <member name="P:ChartFX.WinForms.Gauge.BaseViewable.Visible">
      <summary>Gets or sets a value indicating whether an object is visible or not.</summary>
    </member>
    <member name="P:ChartFX.WinForms.Gauge.Border.Glare">
      <summary>Gets or sets a value indicating whether to use a lighting effect for a border.</summary>
    </member>
    <member name="P:ChartFX.WinForms.Gauge.Border.InsideColor">
      <summary>Gets or sets the inside color for a gauge border.</summary>
    </member>
    <member name="P:ChartFX.WinForms.Gauge.Border.InsideEffects">
      <summary>Enables or disables border shadow and gradient.</summary>
    </member>
    <member name="P:ChartFX.WinForms.Gauge.BorderHitTestTarget.Zone">
      <summary>Gets the target's BorderZone type.</summary>
    </member>
    <member name="P:ChartFX.WinForms.Gauge.CalculatedInitialValue.InitialValue">
      <summary>Get the initial value of the sample.</summary>
    </member>
    <member name="P:ChartFX.WinForms.Gauge.CalculatedValue.CurrentValue">
      <summary>Get the current calculated value </summary>
    </member>
    <member name="P:ChartFX.WinForms.Gauge.CalculatedValue.SourceValue">
      <summary>Gets the value from which the Calculated Value was found.</summary>
    </member>
    <member name="P:ChartFX.WinForms.Gauge.CalculatedValueAverage.CurrentSampleSize">
      <summary>Get the current number of values in the sample.</summary>
    </member>
    <member name="P:ChartFX.WinForms.Gauge.CalculatedValueAverage.InitialSampleSize">
      <summary>Get the size of the initial sample.</summary>
    </member>
    <member name="P:ChartFX.WinForms.Gauge.CustomLabelHash.Count">
      <summary>The number of custom labels currently created.</summary>
    </member>
    <member name="P:ChartFX.WinForms.Gauge.CustomLabelHash.Item">
      <summary>Provides direct access to the values in the Hash table.</summary>
    </member>
    <member name="M:ChartFX.WinForms.Gauge.CustomLabelHash.Clear">
      <summary>Clears all custom labels and restores the Gauge's scale to default settings.</summary>
    </member>
    <member name="M:ChartFX.WinForms.Gauge.CustomLabelHash.GetEnumerator">
      <summary>Returns an enumerator that can iterate through the collection.</summary>
    </member>
    <member name="P:ChartFX.WinForms.Gauge.DigitalAppearance.Layout">
      <summary>Gets the layout object for a DigitContainer.</summary>
    </member>
    <member name="P:ChartFX.WinForms.Gauge.DigitalAppearance.OffDigitTransparency">
      <summary>Gets or sets the transparency for segments and LEDs not used to create a digit's current value.</summary>
    </member>
    <member name="P:ChartFX.WinForms.Gauge.DigitalAppearance.Size">
      <summary>Gets or sets the size of Digits in a Digital Container.</summary>
    </member>
    <member name="P:ChartFX.WinForms.Gauge.DigitalAppearance.Style">
      <summary>Gets or sets the Style for the caracters displyed in a DigitalPanel.</summary>
    </member>
    <member name="P:ChartFX.WinForms.Gauge.DigitalPanel.Appearance">
      <summary>Returns the DigitsContainer for a Digital Panel.</summary>
    </member>
    <member name="P:ChartFX.WinForms.Gauge.DigitalPanel.Border">
      <summary>Gets the Border object for a Digital Panel.</summary>
    </member>
    <member name="P:ChartFX.WinForms.Gauge.DigitalPanel.SupportedCharacterSet">
      <summary>Returns the CharacterSet object used in a Digital Panel.</summary>
    </member>
    <member name="P:ChartFX.WinForms.Gauge.DigitalPanel.Value">
      <summary>Gets or sets the value for a Digital Panel.</summary>
    </member>
    <member name="P:ChartFX.WinForms.Gauge.DigitalPanel.ValueFormat">
      <summary>Gets or sets the numeric format string for a Digital Panel.</summary>
    </member>
    <member name="P:ChartFX.WinForms.Gauge.DigitalPanel.ValuePadding">
      <summary>Gets or Sets the number of digit placeholders in the panel.</summary>
    </member>
    <member name="M:ChartFX.WinForms.Gauge.DigitalPanel.FormatValue(System.Object)">
      <summary>Used to format a value based on the configured ValueFormat string.</summary>
      <param name="value">The value to format.</param>
    </member>
    <member name="M:ChartFX.WinForms.Gauge.DigitalPanel.SupportCharacter(System.Char)">
      <summary>Used to determine if a selected character is supported for the Digital Panel object.</summary>
      <param name="c">A character to evaluate.</param>
    </member>
    <member name="E:ChartFX.WinForms.Gauge.DigitalPanel.ValueChanged">
      <summary>The source of the event.</summary>
    </member>
    <member name="P:ChartFX.WinForms.Gauge.Filler.Origin">
      <summary>Gets or sets the starting value of a filler indicator type.</summary>
    </member>
    <member name="P:ChartFX.WinForms.Gauge.Filler.OriginCustom">
      <summary>Gets or sets the custom origin for a filler indicator.</summary>
    </member>
    <member name="P:ChartFX.WinForms.Gauge.Filler.Style">
      <summary>Gets or sets the style for a filler indicator.</summary>
    </member>
    <member name="P:ChartFX.WinForms.Gauge.Filler.UseFillerAsBar">
      <summary>Gets or sets a value indicating to use the Filler as the background in a linear gauge.</summary>
    </member>
    <member name="P:ChartFX.WinForms.Gauge.Gauge.MainIndicator">
      <summary>Gets or sets the main Indicator. The available indicators for a RadialGauge are the &lt;a href="Needle"&gt;Needle and the &lt;a href="Marker"&gt;Marker. As for the &lt;a href="LinearGauge"&gt;LinearGauge, the &lt;a href="Filler"&gt;Filler and the &lt;a href="Marker"&gt;Marker are the two possible types of indicators. Cast the return value to either a Needle, a Marker, or a Filler in order to set the style or other specific properties.</summary>
    </member>
    <member name="P:ChartFX.WinForms.Gauge.Gauge.MainValue">
      <summary>Gets or sets the main value for a gauge. It is a shortcut to the value of the MainIndicator.</summary>
    </member>
    <member name="P:ChartFX.WinForms.Gauge.Gauge.Shadow">
      <summary>Gets or sets a value indicating to whether to display a shadow in a gauge.</summary>
    </member>
    <member name="E:ChartFX.WinForms.Gauge.Gauge.RangeEntered">
      <summary>The source of the event.</summary>
    </member>
    <member name="E:ChartFX.WinForms.Gauge.Gauge.RangeLeft">
      <summary>The source of the event.</summary>
    </member>
    <member name="E:ChartFX.WinForms.Gauge.Gauge.ValueChanged">
      <summary>The source of the event.</summary>
    </member>
    <member name="P:ChartFX.WinForms.Gauge.GaugeFont.Bold">
      <summary>Gets a value that indicates whether a GaugeFont object is bold.</summary>
    </member>
    <member name="P:ChartFX.WinForms.Gauge.GaugeFont.FontFamily">
      <summary>Gets the FontFamily object associated with the GaugeFont object.</summary>
    </member>
    <member name="P:ChartFX.WinForms.Gauge.GaugeFont.Italic">
      <summary>Gets a value that indicates whether a GaugeFont object is italic</summary>
    </member>
    <member name="P:ChartFX.WinForms.Gauge.GaugeFont.Name">
      <summary>Gets the face name of a GaugeFont object.</summary>
    </member>
    <member name="P:ChartFX.WinForms.Gauge.GaugeFont.Size">
      <summary>Gets the FontSize of a GaugeFont object.</summary>
    </member>
    <member name="P:ChartFX.WinForms.Gauge.GaugeFont.Strikeout">
      <summary>Gets value that indicates whether the font is strikethrough.</summary>
    </member>
    <member name="P:ChartFX.WinForms.Gauge.GaugeFont.Style">
      <summary>Gets style information for this Font object.</summary>
    </member>
    <member name="P:ChartFX.WinForms.Gauge.GaugeFont.Underline">
      <summary>Gets a value that indicates whether the GaugeFont is underlined.</summary>
    </member>
    <member name="M:ChartFX.WinForms.Gauge.GaugeFont.Clone">
      <summary>Creates an exact copy of this GaugeFont object.</summary>
    </member>
    <member name="M:ChartFX.WinForms.Gauge.GaugeFont.Dispose">
      <summary>Releases all resources used by a GaugeFont object.</summary>
    </member>
    <member name="P:ChartFX.WinForms.Gauge.GaugeImage.Image">
      <summary>Represents the actual System.Drawing.Image file.</summary>
    </member>
    <member name="P:ChartFX.WinForms.Gauge.GaugeImage.Size">
      <summary>A numeric size modifier applied in conjunction with a Custom SizeMode setting.</summary>
    </member>
    <member name="P:ChartFX.WinForms.Gauge.GaugeImage.SizeMode">
      <summary>Defines the display size options for the background image.</summary>
    </member>
    <member name="P:ChartFX.WinForms.Gauge.HitTestTargetStack.TopMostNoneEmptyTarget">
      <summary>Returns a reference to the TopMost object under the mouse.</summary>
    </member>
    <member name="M:ChartFX.WinForms.Gauge.HitTestTargetStack.Clone">
      <summary>Creates a shallow copy of the Stack.</summary>
    </member>
    <member name="M:ChartFX.WinForms.Gauge.HitTestTargetStack.Contains(ChartFX.WinForms.Gauge.Internal.IHitTestTarget)">
      <summary>Determines whether an element is in the Stack.</summary>
      <param name="target">The object to locate on the stack.</param>
    </member>
    <member name="M:ChartFX.WinForms.Gauge.HitTestTargetStack.Peek">
      <summary>Returns the object at the top of the Stack without removing it.</summary>
    </member>
    <member name="M:ChartFX.WinForms.Gauge.HitTestTargetStack.Pop">
      <summary>Removes and returns the object at the top of the Stack.</summary>
    </member>
    <member name="M:ChartFX.WinForms.Gauge.HitTestTargetStack.Push(ChartFX.WinForms.Gauge.Internal.IHitTestTarget)">
      <summary>Inserts an object at the top of the Stack.</summary>
      <param name="target">The object to insert at the top of the Stack.</param>
    </member>
    <member name="P:ChartFX.WinForms.Gauge.Indicator.Format">
      <summary>Returns the ValueFormat object for a selected indicator.</summary>
    </member>
    <member name="P:ChartFX.WinForms.Gauge.Indicator.Snap">
      <summary>Gets or set the Snapping for an indicator.</summary>
    </member>
    <member name="P:ChartFX.WinForms.Gauge.Indicator.ToolTip">
      <summary>Gets or sets the tool tip text for an Indicator.</summary>
    </member>
    <member name="P:ChartFX.WinForms.Gauge.Indicator.UseRangeColor">
      <summary>Gets or sets a value specifying wether to set an indicator to the same color as a section or stripe.</summary>
    </member>
    <member name="P:ChartFX.WinForms.Gauge.Indicator.Value">
      <summary>Gets or sets the value for an indicator.</summary>
    </member>
    <member name="P:ChartFX.WinForms.Gauge.Indicator.ValueDisplayed">
      <summary>Returns the Value pointed to by the Indicator.</summary>
    </member>
    <member name="P:ChartFX.WinForms.Gauge.Indicator.VerticalPosition">
      <summary>Gets or Sets the positioning of the Indicator to behind or above the tick marks.</summary>
    </member>
    <member name="M:ChartFX.WinForms.Gauge.Indicator.HoveringRange(ChartFX.WinForms.Gauge.RangeType)">
      <summary>Returns the range object currently under the Indicator, if it exists.</summary>
      <param name="rangeType">The type of Range to check for.</param>
    </member>
    <member name="P:ChartFX.WinForms.Gauge.InnerBaseGauge.LinkToMainValue">
      <summary>Gets or sets a value indicating whether to display the value of a parent gauge as the inner gauge value.</summary>
    </member>
    <member name="M:ChartFX.WinForms.Gauge.InnerBaseGauge.Dispose">
      <summary>Performs application-defined tasks associated with freeing, releasing, or resetting unmanaged resources.</summary>
    </member>
    <member name="E:ChartFX.WinForms.Gauge.InnerBaseGauge.Disposed">
      <summary>Source of the event.</summary>
    </member>
    <member name="P:ChartFX.WinForms.Gauge.InnerBaseLinearGauge.Size">
      <summary>Gets or sets the size for a inner linear gauge.</summary>
    </member>
    <member name="P:ChartFX.WinForms.Gauge.InnerDigitalPanel.DigitalPanel">
      <summary>Returns the DigitalPanel object for an inner digital meter.</summary>
    </member>
    <member name="P:ChartFX.WinForms.Gauge.InnerHorizontalGauge.HorizontalGauge">
      <summary>Exposes the HorizontalGauge properties of the InnerGauge.</summary>
    </member>
    <member name="P:ChartFX.WinForms.Gauge.InnerRadialGauge.RadialGauge">
      <summary>Returns the RadialGauge object for an inner radial gauge.</summary>
    </member>
    <member name="P:ChartFX.WinForms.Gauge.InnerRadialGauge.Size">
      <summary>Gets or sets the InnerGauge size</summary>
    </member>
    <member name="P:ChartFX.WinForms.Gauge.InnerVerticalGauge.VerticalGauge">
      <summary>Returns the LinearGauge object for an inner linear gauge.</summary>
    </member>
    <member name="P:ChartFX.WinForms.Gauge.LabelAttributes.Font">
      <summary>Gets or sets the GaugeFont for a label.</summary>
    </member>
    <member name="P:ChartFX.WinForms.Gauge.LabelAttributes.Orientation">
      <summary>Gets or sets the orientation for labels of scale tick marks.</summary>
    </member>
    <member name="P:ChartFX.WinForms.Gauge.LabelAttributes.Position">
      <summary>Gets or sets the location of labels for a selected scale.</summary>
    </member>
    <member name="P:ChartFX.WinForms.Gauge.LabelAttributes.PositionCustom">
      <summary>Gets or sets a custom position for a LabelAttributes object.</summary>
    </member>
    <member name="P:ChartFX.WinForms.Gauge.LabelHitZoneTarget.DisplayedText">
      <summary>Gets the text displayed by the target label.</summary>
    </member>
    <member name="P:ChartFX.WinForms.Gauge.LabelHitZoneTarget.Label">
      <summary>Gets the LabelAttributes object for the gauge.</summary>
    </member>
    <member name="P:ChartFX.WinForms.Gauge.LabelHitZoneTarget.LabeledObject">
      <summary>Gets the targeted LabelZone object type.</summary>
    </member>
    <member name="P:ChartFX.WinForms.Gauge.LayoutAttributes.Alignment">
      <summary>Gets or sets the alignment for a layout object.</summary>
    </member>
    <member name="P:ChartFX.WinForms.Gauge.LayoutAttributes.AnchorPoint">
      <summary>Gets or sets the location for a Layout object.</summary>
    </member>
    <member name="P:ChartFX.WinForms.Gauge.LayoutAttributes.Target">
      <summary>Gets or set the Target of a Layout object.</summary>
    </member>
    <member name="P:ChartFX.WinForms.Gauge.LinearBorder.Inverted">
      <summary>Gets or set a property to invert the Border of a Linear Gauge</summary>
    </member>
    <member name="P:ChartFX.WinForms.Gauge.LinearBorder.Style">
      <summary>Gets or sets the style for a LinearBorder object.</summary>
    </member>
    <member name="P:ChartFX.WinForms.Gauge.LinearGauge.Border">
      <summary>Returns the LinearBorder object for a linear gauge.</summary>
    </member>
    <member name="P:ChartFX.WinForms.Gauge.LinearGauge.MainScale">
      <summary>Returns the main scale of a linear gauge.</summary>
    </member>
    <member name="P:ChartFX.WinForms.Gauge.LinearGauge.Scales">
      <summary>Returns the LinearScaleCollection for a linear gauge.</summary>
    </member>
    <member name="P:ChartFX.WinForms.Gauge.LinearScale.FillerVolume">
      <summary>Gets or Sets the Filler size within a Linear Gauge</summary>
    </member>
    <member name="P:ChartFX.WinForms.Gauge.LinearScale.Indicators">
      <summary>Get the Collection of Indicators for a Selected LinearScale.</summary>
    </member>
    <member name="P:ChartFX.WinForms.Gauge.LinearScale.Inverted">
      <summary>Gets amd set a boolean flag to invert the scale</summary>
    </member>
    <member name="P:ChartFX.WinForms.Gauge.LinearScale.Layout">
      <summary>Gets the layout object for a LinearScale</summary>
    </member>
    <member name="P:ChartFX.WinForms.Gauge.LinearScale.Size">
      <summary>Gets or sets the size for a Linear Scale.</summary>
    </member>
    <member name="P:ChartFX.WinForms.Gauge.LinearScale.Stripes">
      <summary>The collection of Stripes currently associated with the scale.</summary>
    </member>
    <member name="P:ChartFX.WinForms.Gauge.LinearStrip.Offset">
      <summary>Gets or set the offset of a Strip respect ot the Scale.</summary>
    </member>
    <member name="P:ChartFX.WinForms.Gauge.Marker.DisplayedText">
      <summary>Returns the current text displayed for a marker.</summary>
    </member>
    <member name="P:ChartFX.WinForms.Gauge.Marker.Label">
      <summary>Gets the LabelAttributes object for a Marker.</summary>
    </member>
    <member name="P:ChartFX.WinForms.Gauge.Marker.Position">
      <summary>Gets or sets the position for a marker.</summary>
    </member>
    <member name="P:ChartFX.WinForms.Gauge.Marker.PositionCustom">
      <summary>Gets or sets a custom position for a Marker object.</summary>
    </member>
    <member name="P:ChartFX.WinForms.Gauge.Marker.Size">
      <summary>Gets or sets a value to control the size of a marker.</summary>
    </member>
    <member name="P:ChartFX.WinForms.Gauge.Marker.Style">
      <summary>Gets or sets the style for a indicator marker.</summary>
    </member>
    <member name="P:ChartFX.WinForms.Gauge.Marker.Text">
      <summary>Gets or sets text for a marker.</summary>
    </member>
    <member name="P:ChartFX.WinForms.Gauge.Needle.Size">
      <summary>Gets or sets a value to control the size of a needle.</summary>
    </member>
    <member name="P:ChartFX.WinForms.Gauge.Needle.Style">
      <summary>Gets or sets the style for a radial indicator needle.</summary>
    </member>
    <member name="P:ChartFX.WinForms.Gauge.NumericalValue.CurrentValue">
      <summary>Get the value.</summary>
    </member>
    <member name="P:ChartFX.WinForms.Gauge.RadialBorder.Style">
      <summary>Gets or sets the style for a RadialBorder object.</summary>
    </member>
    <member name="P:ChartFX.WinForms.Gauge.RadialCap.Size">
      <summary>Gets or sets a value to control the size of a RadialCap.</summary>
    </member>
    <member name="P:ChartFX.WinForms.Gauge.RadialCap.Style">
      <summary>Gets or sets the styles for a RadialCap.</summary>
    </member>
    <member name="P:ChartFX.WinForms.Gauge.RadialCap.VerticalPosition">
      <summary>Gets or Sets the positioning of the Radial Cap to behind or above the Indicator(s).</summary>
    </member>
    <member name="P:ChartFX.WinForms.Gauge.RadialGauge.Border">
      <summary>Returns the RadialBorder object for a radial gauge.</summary>
    </member>
    <member name="P:ChartFX.WinForms.Gauge.RadialGauge.MainScale">
      <summary>Returns the main scale of a radial gauge.</summary>
    </member>
    <member name="P:ChartFX.WinForms.Gauge.RadialGauge.Scales">
      <summary>Returns the RadialScaleCollection for the RadialGauge object.</summary>
    </member>
    <member name="P:ChartFX.WinForms.Gauge.RadialScale.Cap">
      <summary>Returns the RadialCap object for a selected RadialScale.</summary>
    </member>
    <member name="P:ChartFX.WinForms.Gauge.RadialScale.Indicators">
      <summary>Returns the RadialIndicator collection for a selected RadialScale object.</summary>
    </member>
    <member name="P:ChartFX.WinForms.Gauge.RadialScale.Pivot">
      <summary>Gets or Sets the position of the scale within the gauge.</summary>
    </member>
    <member name="P:ChartFX.WinForms.Gauge.RadialScale.Radius">
      <summary>Gets or sets the radius for a RadialScale object.</summary>
    </member>
    <member name="P:ChartFX.WinForms.Gauge.RadialScale.StartAngle">
      <summary>Gets or sets the starting angle in degrees for a RadialScale.</summary>
    </member>
    <member name="P:ChartFX.WinForms.Gauge.RadialScale.Stripes">
      <summary>The collection of Stripes currently associated with the scale.</summary>
    </member>
    <member name="P:ChartFX.WinForms.Gauge.RadialScale.SweepAngle">
      <summary>Gets or sets the starting angle in degrees for a RadialScale.</summary>
    </member>
    <member name="P:ChartFX.WinForms.Gauge.RadialStrip.Radius">
      <summary>Gets or sets the radius for a RadialStrip object.</summary>
    </member>
    <member name="P:ChartFX.WinForms.Gauge.Scale.Bar">
      <summary>Returns the ScaleBar object for a section.</summary>
    </member>
    <member name="P:ChartFX.WinForms.Gauge.Scale.CustomLabels">
      <summary>The collection of Custom Labels currently associated with the scale.</summary>
    </member>
    <member name="P:ChartFX.WinForms.Gauge.Scale.Indicators">
      <summary>The collection of Indicators currently associated with the scale.</summary>
    </member>
    <member name="P:ChartFX.WinForms.Gauge.Scale.Sections">
      <summary>Returns the SectionCollection for a scale object.</summary>
    </member>
    <member name="P:ChartFX.WinForms.Gauge.Scale.Thickness">
      <summary>Gets or sets the width for a scale.</summary>
    </member>
    <member name="P:ChartFX.WinForms.Gauge.ScaleBar.Border">
      <summary>Gets the BarBorder object for a ScaleBar object.</summary>
    </member>
    <member name="P:ChartFX.WinForms.Gauge.Section.Bar">
      <summary>Returns the SectionBar object for a section.</summary>
    </member>
    <member name="P:ChartFX.WinForms.Gauge.Strip.AlternateColor">
      <summary>Gets or sets the second color used in strip gradients or patterns.</summary>
    </member>
    <member name="P:ChartFX.WinForms.Gauge.Strip.Border">
      <summary>Gets the BarBorder object for a Strip object.</summary>
    </member>
    <member name="P:ChartFX.WinForms.Gauge.Strip.FillType">
      <summary>Gets or sets the fill style for a strip solid, gradient or pattern.</summary>
    </member>
    <member name="P:ChartFX.WinForms.Gauge.Strip.Max">
      <summary>Gets or sets the ending value for a strip object.</summary>
    </member>
    <member name="P:ChartFX.WinForms.Gauge.Strip.Min">
      <summary>Gets or sets the starting value for a strip object.</summary>
    </member>
    <member name="P:ChartFX.WinForms.Gauge.Strip.Pattern">
      <summary>Get or Set the Windows-Style pattern applied to the Strip</summary>
    </member>
    <member name="P:ChartFX.WinForms.Gauge.Strip.Thickness">
      <summary>Gets or sets the width for a strip object.</summary>
    </member>
    <member name="P:ChartFX.WinForms.Gauge.Strip.UseFullRangeForGradient">
      <summary>Apply the gradient effect  over the range of the scale.</summary>
    </member>
    <member name="P:ChartFX.WinForms.Gauge.Tickmark.Label">
      <summary>Returns the LabelAttributes object for a tickmark.</summary>
    </member>
    <member name="P:ChartFX.WinForms.Gauge.Tickmark.Position">
      <summary>Gets or sets the position for tickmarks in a scale.</summary>
    </member>
    <member name="P:ChartFX.WinForms.Gauge.Tickmark.PositionCustom">
      <summary>Gets or sets a custom position for a Tickmark object.</summary>
    </member>
    <member name="P:ChartFX.WinForms.Gauge.Tickmark.Size">
      <summary>Gets or sets a value to control the size of tickmarks.</summary>
    </member>
    <member name="P:ChartFX.WinForms.Gauge.Tickmark.Step">
      <summary>Gets or sets a value indicating the interval for tickmark display.</summary>
    </member>
    <member name="P:ChartFX.WinForms.Gauge.Tickmark.Style">
      <summary>Gets or sets the tickmark style.</summary>
    </member>
    <member name="P:ChartFX.WinForms.Gauge.TickmarkHitZoneTarget.Range">
      <summary>Gets the associated gauge Section.</summary>
    </member>
    <member name="P:ChartFX.WinForms.Gauge.TickmarkHitZoneTarget.Tickmark">
      <summary>Gets the targeted tickmark group.</summary>
    </member>
    <member name="P:ChartFX.WinForms.Gauge.TickmarkSet.Format">
      <summary>Gets or sets the ValueFormat object for selected tickmark object.</summary>
    </member>
    <member name="P:ChartFX.WinForms.Gauge.TickmarkSet.Major">
      <summary>Allows for configuration of the Major tick marks.</summary>
    </member>
    <member name="P:ChartFX.WinForms.Gauge.TickmarkSet.Medium">
      <summary>Allows for configuration of the Medium tick marks.</summary>
    </member>
    <member name="P:ChartFX.WinForms.Gauge.TickmarkSet.Minor">
      <summary>Allows for configuration of the Minor tick marks.</summary>
    </member>
    <member name="P:ChartFX.WinForms.Gauge.Title.Color">
      <summary>Sets the color of text for the specified title.</summary>
    </member>
    <member name="P:ChartFX.WinForms.Gauge.Title.DisplayedText">
      <summary>Returns the displayed title text as a string.</summary>
    </member>
    <member name="P:ChartFX.WinForms.Gauge.Title.Font">
      <summary>Gets or sets the ScalableFont object for a gauge title.</summary>
    </member>
    <member name="P:ChartFX.WinForms.Gauge.Title.Text">
      <summary>Gets or sets the text for the selected title.</summary>
    </member>
    <member name="P:ChartFX.WinForms.Gauge.Value.CurrentValue">
      <summary>Get the value of the gauge.</summary>
    </member>
    <member name="M:ChartFX.WinForms.Gauge.Value.Dispose">
      <summary>Performs tasks associated with freeing, releasing, or resetting unmanaged resources.</summary>
    </member>
    <member name="P:ChartFX.WinForms.Gauge.ValueFormat.Culture">
      <summary>Allows you to localize labels and data for a specific language and region.</summary>
    </member>
    <member name="P:ChartFX.WinForms.Gauge.ValueFormat.Decimals">
      <summary>Gets or sets the number of decimals for a label.</summary>
    </member>
    <member name="P:ChartFX.WinForms.Gauge.ValueFormat.FormatCustom">
      <summary>Allows you to set a custom format to the selected label, mouseover tip or value.</summary>
    </member>
    <member name="P:ChartFX.WinForms.Gauge.ValueFormat.FormatType">
      <summary>Returns a formatted string of a value.</summary>
    </member>
    <member name="M:ChartFX.WinForms.Gauge.ValueFormat.FormatValue(System.Double)">
      <summary>Format a value to a string.</summary>
      <param name="value">The value to format.</param>
    </member>
  </members>
</doc>